"","home.name","away.name","home.number","away.number","home.goals","home.behinds","away.goals","away.behinds","home.score","away.score","round","period","home.win.per","draw.per","home.lose.per"
"1","Fremantle","Collingwood",6,4,12,8,11,7,80,73,13,59,0.581582692684239,0.094776312931674,0.323640994384087
"2","Sydney","Richmond",16,14,11,11,14,11,77,95,13,59,0.0411451740861061,1.88174351681602e-08,0.958854807096459
"3","Hawthorn","Essendon",10,5,16,18,11,10,114,76,13,59,2.65340944995802e-08,3.71035668107234e-21,0.999999973465906
"4","Brisbane","Adelaide",2,1,10,9,11,16,69,82,13,59,0.000882447688783417,0.00100281232554575,0.998114739985671
"5","St Kilda","Western Bulldogs",15,18,7,14,9,8,56,62,13,59,0.00891439666647709,0.00752597117352725,0.983559632159996
"6","Carlton","Gold Coast",3,9,14,19,9,15,103,69,13,59,0.96981250740216,0.00568893187712778,0.0244985607207126
