"","home.name","away.name","home.number","away.number","home.goals","home.behinds","away.goals","away.behinds","home.score","away.score","round","period","home.win.per","draw.per","home.lose.per"
"1","Hawthorn","Port Adelaide",10,13,13,8,16,12,86,108,21,67,1.02446062264406e-12,3.72956086392674e-25,0.999999999998975
"2","Collingwood","Richmond",4,14,7,14,23,9,56,147,21,67,0.167678230165002,0.0490974852815848,0.783224284553413
"3","GWS","Sydney",7,16,6,8,20,13,44,133,21,67,0.0572431225185198,0.0295352685601521,0.913221608921328
"4","Gold Coast","Essendon",9,5,14,13,14,11,97,95,21,67,0.862961412942188,0.00105871769930413,0.135979869358508
"5","St Kilda","Geelong",15,8,14,13,15,7,97,97,21,67,0.11826162051729,0.0480068866305626,0.833731492852148
"6","Adelaide","Brisbane",1,2,20,11,6,8,131,44,21,67,3.01631003938266e-33,2.17442657437251e-45,1
"7","North Melbourne","Fremantle",12,6,14,10,12,11,94,83,21,67,0.5376591011093,5.77400057856048e-05,0.462283158884915
"8","Carlton","Melbourne",3,11,12,6,7,13,78,55,21,67,0.930196463153647,0.028062625387701,0.0417409114586516
"9","West Coast","Western Bulldogs",17,18,25,12,13,7,162,85,21,67,0.900724372386014,0.0339468488770909,0.0653287787368949
