"","home.name","away.name","home.number","away.number","home.goals","home.behinds","away.goals","away.behinds","home.score","away.score","round","period","home.win.per","draw.per","home.lose.per"
"1","Port Adelaide","Geelong",13,8,11,3,14,8,69,92,11,57,0.00880492197014369,0.0028822844798116,0.988312793550045
"2","Gold Coast","Fremantle",9,6,7,4,6,17,46,53,11,57,0.00123536477203732,0.00115638095841521,0.997608254269547
"3","West Coast","Essendon",17,5,14,12,6,10,96,46,11,57,0.0595305876948811,3.37610767841853e-09,0.940469408929011
"4","North Melbourne","Sydney",12,16,10,15,14,7,75,91,11,57,0.0543730171963453,0.0229416402767094,0.922685342526945
"5","Collingwood","GWS",4,7,18,11,11,11,119,77,11,57,0.00312959309555159,8.37498630745115e-12,0.996870406896073
"6","St Kilda","Melbourne",15,11,12,13,12,11,85,83,11,57,0.97032715801127,0.00647652568611504,0.023196316302615
