"","home.name","away.name","home.number","away.number","home.goals","home.behinds","away.goals","away.behinds","home.score","away.score","round","period","home.win.per","draw.per","home.lose.per"
"1","Sydney","Carlton",16,3,19,8,9,8,122,62,9,55,3.60119840354376e-37,5.24969245099143e-54,1
"2","Hawthorn","Gold Coast",10,9,14,9,6,4,93,40,9,55,3.72916453302305e-10,5.41957320217824e-24,0.999999999627084
"3","Melbourne","Port Adelaide",11,13,8,6,18,7,54,115,9,55,0.736922161073573,0.000399797248243329,0.262678041678184
"4","Western Bulldogs","GWS",18,7,16,17,11,2,113,68,9,55,2.82019770300692e-05,4.96696591939818e-05,0.999922128363776
"5","Richmond","Essendon",14,5,10,12,8,11,72,59,9,55,0.215792073290729,4.5478964998664e-06,0.784203378812771
"6","Adelaide","Fremantle",1,6,7,15,10,8,57,68,9,55,0.000109481388457978,0.000122265478582125,0.99976825313296
"7","Brisbane","St Kilda",2,15,13,8,16,12,86,108,9,55,0.75187029993135,0.000284121232083534,0.247845578836567
"8","Collingwood","North Melbourne",4,12,17,10,14,11,112,95,9,55,0.000230143488438443,6.86710177620033e-13,0.999769856510875
"9","West Coast","Geelong",17,8,16,24,10,4,120,64,9,55,0.675356076353954,0.000104723659919795,0.324539199986126
