"","home.name","away.name","home.number","away.number","home.goals","home.behinds","away.goals","away.behinds","home.score","away.score","round","period","home.win.per","draw.per","home.lose.per"
"1","Collingwood","Essendon",4,5,14,8,14,11,92,95,23,69,8.80228204432287e-23,8.217127504509e-38,1
"2","Richmond","North Melbourne",14,12,16,12,10,7,108,67,23,69,0.00060906955900873,8.60790362347245e-13,0.99939093044013
"3","Hawthorn","Carlton",10,3,17,11,8,8,113,56,23,69,3.38155200591198e-36,5.12767185926512e-53,1
"4","Geelong","Adelaide",8,1,17,17,11,14,119,80,23,69,3.18695926357581e-10,7.95338106567613e-10,0.999999998885966
"5","Sydney","Gold Coast",16,9,19,13,9,10,127,64,23,69,1.20716389095004e-50,4.23280073867905e-70,1
"6","Melbourne","GWS",11,7,15,13,11,11,103,77,23,69,0.0215947687122002,0.0117892699056717,0.966615961382128
"7","Brisbane","Western Bulldogs",2,18,19,16,19,8,130,122,23,69,0.000162870310593356,0.000212996850038367,0.999624132839368
"8","Port Adelaide","Fremantle",13,6,18,14,8,5,122,53,23,69,0.679249659970974,4.29411093810016e-05,0.320707398919645
"9","West Coast","St Kilda",17,15,18,17,4,6,125,30,23,69,0.00262931522014173,3.83358202764662e-12,0.997370684776025
