"","home.name","away.name","home.number","away.number","home.goals","home.behinds","away.goals","away.behinds","home.score","away.score","round","period","home.win.per","draw.per","home.lose.per"
"1","Geelong","Collingwood",8,4,9,8,17,8,62,110,22,68,0.91402879633805,0.000586466735633844,0.0853847369263164
"2","GWS","Carlton",7,3,20,12,7,9,132,51,22,68,0.321976784303453,0.0679655252729797,0.610057690423567
"3","Hawthorn","Brisbane",10,2,21,8,9,8,134,62,22,68,0.015776242139919,5.6306828048745e-09,0.984223752229398
"4","North Melbourne","Western Bulldogs",12,18,10,13,14,12,73,96,22,68,0.598265789695647,6.89635162307202e-05,0.401665246788123
"5","Essendon","Richmond",5,14,7,5,10,14,47,74,22,68,4.54299194512535e-24,1.49106819271871e-23,1
"6","Gold Coast","Port Adelaide",9,13,7,9,12,16,51,88,22,68,0.00010794785570164,0.000233098343117041,0.999658953801181
"7","Adelaide","West Coast",1,17,19,12,10,9,126,69,22,68,0.563588995997231,0.0663759273910678,0.370035076611702
"8","St Kilda","Sydney",15,16,4,14,20,15,38,135,22,68,1.86304747570817e-05,1.94012908833791e-05,0.99996196823436
"9","Fremantle","Melbourne",6,11,17,6,8,6,108,54,22,68,0.182127507703407,1.05481944049551e-07,0.817872386814649
