"","home.name","away.name","home.number","away.number","home.goals","home.behinds","away.goals","away.behinds","home.score","away.score","round","period","home.win.per","draw.per","home.lose.per"
"1","West Coast","Carlton",17,3,20,11,9,8,131,62,2,48,0.0409716255342233,6.21345550254919e-08,0.959028312331222
"2","Richmond","Western Bulldogs",14,18,9,12,12,13,66,85,2,48,0.115794072573527,1.0983939565112e-07,0.884205817587078
"3","GWS","Melbourne",7,11,15,11,8,8,101,56,2,48,0.88273463876369,0.00140113856021538,0.115864222676094
"4","Collingwood","Adelaide",4,1,9,9,12,18,63,90,2,48,0.0002535188766432,0.000223717738157006,0.9995227633852
"5","Gold Coast","St Kilda",9,15,10,16,16,8,76,104,2,48,0.959962203910098,0.0151459198600132,0.0248918762298891
"6","Port Adelaide","Sydney",13,16,6,8,14,8,44,92,2,48,0.78599526185755,0.0785276549189302,0.13547708322352
"7","Geelong","Fremantle",8,6,9,6,15,14,60,104,2,48,0.670951766885271,0.0675540071511277,0.261494225963601
"8","Essendon","Hawthorn",5,10,12,6,11,10,78,76,2,48,3.4483905374094e-06,7.96694366186198e-06,0.999988584665801
"9","North Melbourne","Brisbane",12,2,20,13,7,9,133,51,2,48,2.65626550988568e-05,3.16531265191609e-13,0.999973437344585
