"","home.name","away.name","home.number","away.number","home.goals","home.behinds","away.goals","away.behinds","home.score","away.score","round","period","home.win.per","draw.per","home.lose.per"
"1","Sydney","Port Adelaide",16,13,14,10,12,12,94,84,14,60,0.963694607492728,0.0135023205033521,0.0228030720039201
"2","Collingwood","Hawthorn",4,10,12,19,15,11,91,101,14,60,0.0361062459157843,0.0345637280516507,0.929330026032565
"3","Richmond","GWS",14,7,10,18,10,9,78,69,14,60,1.05003325857721e-15,1.42571867763005e-28,0.999999999999999
"4","Gold Coast","North Melbourne",9,12,19,11,10,10,125,70,14,60,3.58798092552185e-07,4.07781891030178e-07,0.999999233420016
"5","Western Bulldogs","Carlton",18,3,9,10,7,11,64,53,14,60,0.934645059220029,0.00853180798192032,0.056823132798051
"6","Melbourne","West Coast",11,17,9,6,16,18,60,114,14,60,0.00598243368271788,0.00411024471948892,0.989907321597793
"7","Essendon","St Kilda",5,15,8,4,25,12,52,162,14,60,0.883176529209869,0.000387392032917699,0.116436078757213
"8","Fremantle","Brisbane",6,2,13,6,7,6,84,48,14,60,4.88037646455554e-06,2.04134728115933e-16,0.999995119623535
