"","home.name","away.name","home.number","away.number","home.goals","home.behinds","away.goals","away.behinds","home.score","away.score","round","period","home.win.per","draw.per","home.lose.per"
"1","Carlton","Collingwood",3,4,6,9,18,12,45,120,5,51,0.157975153386099,0.0506504750294984,0.791374371584403
"2","Richmond","Geelong",14,8,11,10,12,13,76,85,5,51,0.941056991976461,0.00153577727532858,0.0574072307482106
"3","Sydney","Western Bulldogs",16,18,10,13,11,11,73,77,5,51,0.798307691918233,0.000363998502043284,0.201328309579724
"4","Gold Coast","Brisbane",9,2,18,10,7,12,118,54,5,51,0.285299223395988,1.98109638113041e-06,0.714698795507631
"5","North Melbourne","Hawthorn",12,10,10,10,19,16,70,130,5,51,0.0289595145132841,0.0218911711678828,0.949149314318833
"6","West Coast","GWS",17,7,18,12,4,9,120,33,5,51,0.823644742030795,0.0576180051501339,0.118737252819071
"7","Melbourne","Fremantle",11,6,6,14,18,10,50,118,5,51,0.387352211308208,0.057891620262993,0.554756168428799
"8","St Kilda","Essendon",15,5,11,14,11,16,80,82,5,51,0.00342600828553825,0.00331957987884327,0.993254411835618
"9","Adelaide","Port Adelaide",1,13,13,13,18,7,91,115,5,51,0.00236036224136919,0.00193769998150345,0.995701937777127
