"","home.name","away.name","home.number","away.number","home.goals","home.behinds","away.goals","away.behinds","home.score","away.score","round","period","home.win.per","draw.per","home.lose.per"
"1","Carlton","Hawthorn",3,10,4,11,27,11,35,173,17,63,2.71517248408628e-45,1.27535595386458e-44,1
"2","GWS","Geelong",7,8,6,6,9,15,42,69,17,63,0.847176741816237,0.0516797225264963,0.101143535657267
"3","Adelaide","Gold Coast",1,9,19,11,12,8,125,80,17,63,4.2693701712755e-06,7.70958523051236e-16,0.999995730629828
"4","Richmond","Fremantle",14,6,10,18,12,10,78,82,17,63,0.849886025526871,0.0013024674532224,0.148811507019906
"5","Essendon","Port Adelaide",5,13,17,14,20,9,116,129,17,63,0.514095766669726,0.112193105808226,0.373711127522049
"6","Brisbane","North Melbourne",2,12,5,8,16,14,38,110,17,63,0.0568177561055194,0.0270019144180754,0.916180329476405
"7","Western Bulldogs","Collingwood",18,4,15,14,13,8,104,86,17,63,0.931125505922025,0.0312240014183425,0.0376504926596326
"8","Melbourne","St Kilda",11,15,6,10,12,11,46,83,17,63,0.927222083810858,0.0028977815526726,0.069880134636469
"9","West Coast","Sydney",17,16,15,13,7,9,103,51,17,63,1.00005214548167e-05,2.51430486021503e-14,0.99998999947852
