"","home.name","away.name","home.number","away.number","home.goals","home.behinds","away.goals","away.behinds","home.score","away.score","round","period","home.win.per","draw.per","home.lose.per"
"1","Collingwood","Geelong",4,8,8,11,15,10,59,100,6,52,0.000142698490570876,6.00506073396146e-14,0.999857301509369
"2","North Melbourne","Richmond",12,14,16,13,10,14,109,74,6,52,0.660620795076946,0.000111953132079317,0.339267251790975
"3","Western Bulldogs","St Kilda",18,15,13,9,14,10,87,94,6,52,0.00114285686320136,2.58307409429068e-14,0.998857143136773
"4","GWS","Hawthorn",7,10,16,12,14,14,108,98,6,52,5.5802334265554e-16,2.44004344036442e-15,0.999999999999997
"5","Gold Coast","Adelaide",9,1,11,12,18,11,78,119,6,52,0.844681764680259,0.0208654932410205,0.13445274207872
"6","Melbourne","Sydney",11,16,7,8,12,16,50,88,6,52,0.0726421319191171,0.0418510261484995,0.885506841932383
"7","Fremantle","Essendon",6,5,12,8,7,10,80,52,6,52,4.00144318747375e-07,8.91419969902927e-18,0.999999599855681
"8","Carlton","Brisbane",3,2,11,9,12,12,75,84,6,52,0.0191497405846812,9.44735104408063e-09,0.980850249967968
"9","Port Adelaide","West Coast",13,17,10,8,11,12,68,78,6,52,0.739257742186234,0.0531083047460434,0.207633953067722
