"","home.name","away.name","home.number","away.number","home.goals","home.behinds","away.goals","away.behinds","home.score","away.score","round","period","home.win.per","draw.per","home.lose.per"
"1","Geelong","Carlton",8,3,22,8,9,9,140,63,8,54,1.34830140469417e-30,9.4913987569048e-47,1
"2","St Kilda","West Coast",15,17,12,6,20,11,78,131,8,54,3.45212440947775e-06,6.78528818525375e-06,0.999989762587405
"3","GWS","Adelaide",7,1,16,12,12,12,108,84,8,54,0.413797147497818,0.000665772692171877,0.58553707981001
"4","Gold Coast","Collingwood",9,4,9,9,20,12,63,132,8,54,0.148877983592245,0.0673135315664669,0.783808484841288
"5","Hawthorn","Sydney",10,16,9,15,11,7,69,73,8,54,0.920938475270266,0.0285863459351437,0.0504751787945908
"6","Fremantle","North Melbourne",6,12,17,13,5,12,115,42,8,54,0.950795609918061,0.00897785974422698,0.0402265303377118
"7","Essendon","Brisbane",5,2,21,10,12,6,136,78,8,54,0.184668244184329,0.0553414523629055,0.759990303452765
"8","Melbourne","Western Bulldogs",11,18,15,13,9,10,103,64,8,54,0.775391054958752,0.0718261600391573,0.152782785002091
"9","Port Adelaide","Richmond",13,14,5,13,11,10,43,76,8,54,0.892479944832396,0.0394937153589936,0.0680263398086105
