"","home.name","away.name","home.number","away.number","home.goals","home.behinds","away.goals","away.behinds","home.score","away.score","round","period","home.win.per","draw.per","home.lose.per"
"1","Richmond","Melbourne",14,11,6,15,12,11,51,83,4,50,0.106753507754354,3.9097073657893e-07,0.893246101274909
"2","St Kilda","Carlton",15,3,12,9,18,13,81,121,4,50,0.880920026354447,0.0222004232459375,0.0968795503996152
"3","Essendon","Collingwood",5,4,6,13,9,15,49,69,4,50,0.308026185168175,0.000121780790460591,0.691852034041364
"4","GWS","Gold Coast",7,9,16,23,7,11,119,53,4,50,0.0303243206493851,1.55275513591281e-09,0.96967567779786
"5","Port Adelaide","Hawthorn",13,10,15,9,13,13,99,91,4,50,0.00401733179862569,0.00637522901644732,0.989607439184927
"6","Fremantle","Sydney",6,16,11,8,8,12,74,60,4,50,0.110722691044394,2.10181331731975e-06,0.889275207142288
"7","Brisbane","West Coast",2,17,9,11,17,16,65,118,4,50,1.98504376877896e-07,4.13919697867118e-07,0.999999387575925
"8","Geelong","North Melbourne",8,12,9,13,12,11,67,83,4,50,0.824318388485955,0.0467434791241344,0.12893813238991
"9","Western Bulldogs","Adelaide",18,1,18,17,10,8,125,68,4,50,0.573809754320004,0.0688256622366466,0.357364583443349
