"","home.name","away.name","home.number","away.number","home.goals","home.behinds","away.goals","away.behinds","home.score","away.score","round","period","home.win.per","draw.per","home.lose.per"
"1","Carlton","Richmond",3,14,11,12,15,15,78,105,1,47,0.000280438541834989,0.000251013062823255,0.999468548395342
"2","Melbourne","Gold Coast",11,9,17,13,13,11,115,89,1,47,0.852165761011215,0.0523861530273552,0.0954480859614302
"3","Sydney","Essendon",16,5,10,12,9,6,72,60,1,47,0.966951102276672,0.0171681405150666,0.0158807572082614
"4","Brisbane","Collingwood",2,4,11,8,12,14,74,86,1,47,0.884919360714938,0.0197148398262241,0.0953657994588377
"5","Western Bulldogs","West Coast",18,17,14,13,14,3,97,87,1,47,1.45774269578076e-09,2.94768545995344e-09,0.999999995594572
"6","St Kilda","GWS",15,7,11,12,12,15,78,87,1,47,0.609905727266102,0.0678946412749298,0.322199631458969
"7","Adelaide","North Melbourne",1,12,21,14,9,9,140,63,1,47,0.426621587362871,2.14219192585596e-05,0.573356990717871
"8","Fremantle","Port Adelaide",6,13,11,9,10,8,75,68,1,47,0.847512041907267,0.0440305822109389,0.108457375881794
"9","Hawthorn","Geelong",10,8,17,21,8,13,123,61,1,47,0.135722814693508,4.17279571963174e-08,0.864277143578535
