"","home.name","away.name","home.number","away.number","home.goals","home.behinds","away.goals","away.behinds","home.score","away.score","round","period","home.win.per","draw.per","home.lose.per"
"1","Sydney","Collingwood",16,4,13,9,10,16,87,76,20,66,0.106586162707858,1.34397747030082e-07,0.893413702894395
"2","Essendon","Adelaide",5,1,8,11,27,9,59,171,20,66,5.23540246249384e-05,5.98565553402492e-05,0.999887789420035
"3","North Melbourne","St Kilda",12,15,18,12,11,17,120,83,20,66,1.41524332460299e-11,2.81593916549841e-23,0.999999999985848
"4","Port Adelaide","GWS",13,7,16,15,13,12,111,90,20,66,0.539323172581597,0.00023864681759218,0.460438180600811
"5","Geelong","Hawthorn",8,10,12,13,19,7,85,121,20,66,0.940636214973122,0.026417089517496,0.0329466955093818
"6","Brisbane","Carlton",2,3,20,11,9,13,131,67,20,66,0.780071782755907,0.0795945662989039,0.140333650945189
"7","Richmond","Gold Coast",14,9,22,6,8,7,138,55,20,66,0.497745488952959,0.000178482557161594,0.50207602848988
"8","Western Bulldogs","Melbourne",18,11,24,9,8,7,153,55,20,66,2.80188375843515e-18,5.33537903807043e-32,1
"9","Fremantle","West Coast",6,17,11,14,15,14,80,104,20,66,0.0629205742472057,3.61109063363822e-08,0.937079389641888
