"","home.name","away.name","home.number","away.number","home.goals","home.behinds","away.goals","away.behinds","home.score","away.score","round","period","home.win.per","draw.per","home.lose.per"
"1","Hawthorn","Richmond",10,14,7,11,10,11,53,71,18,64,8.43270328619509e-25,5.00273278771631e-39,1
"2","Geelong","Brisbane",8,2,17,11,8,9,113,57,18,64,4.47809834797868e-14,4.57890474203546e-29,0.999999999999955
"3","Collingwood","Melbourne",4,11,7,12,13,13,54,91,18,64,0.620070994724308,2.0785831207453e-05,0.379908219444485
"4","Sydney","Adelaide",16,1,17,15,9,11,117,65,18,64,0.688007551351697,0.0746817193671194,0.237310729281184
"5","Carlton","North Melbourne",3,12,8,6,18,10,54,118,18,64,2.60935545122218e-06,3.35887849821596e-06,0.999994031766051
"6","Gold Coast","West Coast",9,17,12,11,11,17,83,83,18,64,1.11701341594669e-15,4.61766645592147e-15,0.999999999999994
"7","Port Adelaide","St Kilda",13,15,17,10,6,13,112,49,18,64,0.912756409634624,0.00265915944235734,0.0845844309230185
"8","Essendon","Western Bulldogs",5,18,5,10,19,13,40,127,18,64,0.488442017408614,0.105839746329102,0.405718236262284
"9","Fremantle","GWS",6,7,12,12,9,9,84,63,18,64,1.44234719304326e-12,1.32878027030158e-23,0.999999999998558
