"","home.name","away.name","home.number","away.number","home.goals","home.behinds","away.goals","away.behinds","home.score","away.score","round","period","home.win.per","draw.per","home.lose.per"
"1","Fremantle","Richmond",6,14,10,10,15,7,70,97,10,56,0.511709152137494,0.000190466165038637,0.488100381697468
"2","Carlton","Adelaide",3,1,14,6,14,15,90,99,10,56,0.160957375090758,0.0718369426868792,0.767205682222363
"3","Gold Coast","Sydney",9,16,5,11,13,15,41,93,10,56,3.18666549784664e-10,7.93631328170165e-10,0.999999998887702
"4","Essendon","Geelong",5,8,7,11,19,8,53,122,10,56,0.953520585938005,0.0170828031803238,0.0293966108816707
"5","Port Adelaide","Western Bulldogs",13,18,16,4,9,8,100,62,10,56,8.11619066626741e-06,8.94254259704285e-14,0.999991883809244
"6","GWS","Brisbane",7,2,14,13,10,7,97,67,10,56,0.0800022613726031,4.24058397871544e-07,0.919997314568999
"7","North Melbourne","West Coast",12,17,13,7,10,15,85,75,10,56,0.00840091119230343,0.00758410309295337,0.984014985714743
"8","St Kilda","Hawthorn",15,10,10,9,20,12,69,132,10,56,0.000583365725877253,0.000866087917200708,0.998550546356922
"9","Melbourne","Collingwood",11,4,13,7,17,8,85,110,10,56,1.4885343495959e-07,2.68809572107268e-07,0.999999582336993
