"","home.name","away.name","home.number","away.number","home.goals","home.behinds","away.goals","away.behinds","home.score","away.score","round","period","home.win.per","draw.per","home.lose.per"
"1","Adelaide","Hawthorn",1,10,12,13,17,12,85,114,12,58,0.00355885884343722,0.00446918645614363,0.991971954700419
"2","Richmond","West Coast",14,17,10,10,13,12,70,90,12,58,0.841316738877703,0.0397984997806755,0.118884761341621
"3","Carlton","Port Adelaide",3,13,17,8,16,10,110,106,12,58,0.373416965651313,0.0822559898025697,0.544327044546117
"4","GWS","North Melbourne",7,12,8,13,18,9,61,117,12,58,0.0681154579836029,0.0302719619511114,0.901612580065286
"5","Western Bulldogs","Brisbane",18,2,22,14,11,8,146,74,12,58,0.24488959728651,9.57720234446651e-07,0.755109444993256
"6","Geelong","Melbourne",8,11,13,11,18,5,89,113,12,58,5.65185672804055e-16,3.82732661301593e-30,0.999999999999999
