"","home.name","away.name","home.number","away.number","home.goals","home.behinds","away.goals","away.behinds","home.score","away.score","round","period","home.win.per","draw.per","home.lose.per"
"1","Adelaide","Richmond",1,14,11,22,8,4,88,52,19,65,0.000294525261403556,0.000370908648298552,0.999334566090298
"2","Collingwood","Carlton",4,3,16,9,13,9,105,87,19,65,0.944177446499464,0.0229375777856433,0.0328849757148928
"3","Western Bulldogs","Port Adelaide",18,13,19,14,9,10,128,64,19,65,0.0116406786991262,5.28479437622426e-08,0.98835926845293
"4","Brisbane","Gold Coast",2,9,14,16,17,12,100,114,19,65,0.31834973717727,0.0960838989140793,0.585566363908651
"5","Geelong","Sydney",8,16,14,11,9,9,95,63,19,65,0.935706818060617,0.00675955116545275,0.05753363077393
"6","West Coast","Hawthorn",17,10,11,8,13,10,74,88,19,65,0.873044271315482,0.0523532598439517,0.0746024688405666
"7","Melbourne","North Melbourne",11,12,14,8,19,13,92,127,19,65,0.0431363508849763,0.0142137622576671,0.942649886857357
"8","GWS","Essendon",7,5,14,9,8,13,93,61,19,65,0.946457820264607,0.00238737640460117,0.0511548033307916
"9","St Kilda","Fremantle",15,6,8,11,15,6,59,96,19,65,0.544978664842964,0.0853951974682077,0.369626137688828
