"","home.name","away.name","home.number","away.number","home.goals","home.behinds","away.goals","away.behinds","home.score","away.score","round","period","home.win.per","draw.per","home.lose.per"
"1","Port Adelaide","Collingwood",13,4,9,12,9,9,66,63,15,61,0.701748558993283,0.0865553071175862,0.21169613388913
"2","Richmond","Carlton",14,3,10,11,5,11,71,41,15,61,0.959951547575394,0.0208931225074246,0.019155329917181
"3","Essendon","Melbourne",5,11,10,9,7,18,69,60,15,61,0.848520835835801,0.0330316854877328,0.118447478676466
"4","Western Bulldogs","Gold Coast",18,9,14,11,11,7,95,73,15,61,0.830135727862949,0.0375704177238791,0.132293854413172
"5","North Melbourne","Geelong",12,8,18,12,11,13,120,79,15,61,0.414567733234653,0.0779035255780474,0.5075287411873
"6","West Coast","Adelaide",17,1,22,15,14,7,147,91,15,61,0.449480225670574,2.23397710562103e-06,0.55051754035232
"7","GWS","St Kilda",7,15,12,12,6,13,84,49,15,61,1.07834555816859e-08,1.45285418680458e-08,0.999999974688003
"8","Hawthorn","Fremantle",10,6,17,13,6,7,115,43,15,61,0.5190757824853,3.20856348449714e-05,0.480892131879855
"9","Brisbane","Sydney",2,16,7,7,10,10,49,70,15,61,0.00822563507762865,0.0069698077142319,0.984804557208139
