"","home.name","away.name","home.number","away.number","home.goals","home.behinds","away.goals","away.behinds","home.score","away.score","round","period","home.win.per","draw.per","home.lose.per"
"1","North Melbourne","Essendon",12,5,14,9,9,14,93,68,16,62,1.00949786287243e-27,5.33171553147324e-40,1
"2","Geelong","Western Bulldogs",8,18,10,12,9,10,72,64,16,62,0.837496773039691,0.0552530020176043,0.107250224942705
"3","Gold Coast","GWS",9,7,12,7,13,16,79,94,16,62,0.567322788092735,0.0624281892395299,0.370249022667735
"4","Collingwood","West Coast",4,17,7,14,11,21,56,87,16,62,0.0153029514101714,0.0126053692503539,0.972091679339475
"5","Sydney","Hawthorn",16,10,7,15,23,8,57,146,16,62,0.0569081132827682,0.0271602259880154,0.915931660729217
"6","Fremantle","Carlton",6,3,13,17,8,5,95,53,16,62,0.948422891802357,0.00166720041565558,0.0499099077819875
"7","Melbourne","Brisbane",11,2,8,12,4,12,60,36,16,62,0.872002292960613,0.000785471285122677,0.127212235754264
"8","Port Adelaide","Adelaide",13,1,17,11,18,8,113,116,16,62,0.988238424877334,0.00603583307946887,0.00572574204319698
"9","St Kilda","Richmond",15,14,10,13,13,11,73,89,16,62,0.00777868127540532,0.0054720354645776,0.986749283260017
