"","home.name","away.name","home.number","away.number","home.goals","home.behinds","away.goals","away.behinds","home.score","away.score","round","period","home.win.per","draw.per","home.lose.per"
"1","Collingwood","St Kilda",4,15,21,14,10,6,140,66,3,49,0.0850911511270426,0.0288733451251493,0.886035503747808
"2","Carlton","Essendon",3,5,11,18,16,9,84,105,3,49,0.000184837464152173,0.000243082427386524,0.999572080108461
"3","Adelaide","Melbourne",1,11,12,8,7,13,80,55,3,49,3.15967967141177e-13,1.07854449925357e-27,0.999999999999684
"4","Sydney","GWS",16,7,16,15,12,18,111,90,3,49,8.08389259956702e-44,1.65788575043591e-59,1
"5","North Melbourne","Port Adelaide",12,13,16,9,17,11,105,113,3,49,0.899325879300831,0.000311665161132055,0.100362455538037
"6","Brisbane","Richmond",2,14,8,10,21,11,58,137,3,49,0.156589423889262,0.0715475094765679,0.77186306663417
"7","Hawthorn","Western Bulldogs",10,18,19,13,8,9,127,57,3,49,0.937429686730539,0.0266094595646094,0.0359608537048513
"8","Geelong","Gold Coast",8,9,16,9,13,18,105,96,3,49,0.2838767311663,7.48622567688637e-06,0.716115782608023
"9","West Coast","Fremantle",17,6,12,9,17,9,81,111,3,49,0.0924458776420913,0.0308722454567157,0.876681876901193
